phase,episode,government,epsilon,games,white_wins,black_wins,draws,average_plies,average_prediction_error,average_constitutional_regret,average_discontent
train,1,democracy,0.25,1,0,0,1,70.0,0.596,0.0855,0.5004
train,1,monarchy,0.25,1,0,0,1,33.0,0.8239,0.1464,0.6852
train,1,dictatorship,0.25,1,0,0,1,22.0,0.6521,0.1605,0.6794
train,1,utilitarian,0.25,1,0,0,1,53.0,0.6913,0.0852,0.4823
train,1,reputation,0.25,1,0,0,1,70.0,0.596,0.0855,0.5004
train,1,technocracy,0.25,1,0,0,1,100.0,0.3488,0.0969,0.5056
train,1,anarchy,0.25,1,1,0,0,23.0,2.4043,0.142,0.5353
train,2,democracy,0.2256,1,0,0,1,12.0,0.3704,0.1204,0.5523
train,2,monarchy,0.2256,1,0,0,1,93.0,0.2707,0.1044,0.4503
train,2,dictatorship,0.2256,1,0,0,1,100.0,0.2798,0.1313,0.6073
train,2,utilitarian,0.2256,1,0,0,1,39.0,0.5933,0.0716,0.4824
train,2,reputation,0.2256,1,0,0,1,12.0,0.3704,0.1204,0.5523
train,2,technocracy,0.2256,1,0,0,1,66.0,0.3463,0.1241,0.539
train,2,anarchy,0.2256,1,1,0,0,19.0,1.2929,0.1621,0.3631
train,3,democracy,0.2011,1,0,0,1,12.0,0.277,0.1238,0.5312
train,3,monarchy,0.2011,1,0,0,1,12.0,0.1874,0.1135,0.599
train,3,dictatorship,0.2011,1,0,0,1,12.0,0.4021,0.1504,0.6042
train,3,utilitarian,0.2011,1,0,0,1,9.0,0.1938,0.0564,0.5
train,3,reputation,0.2011,1,0,0,1,12.0,0.277,0.1238,0.5312
train,3,technocracy,0.2011,1,0,0,1,12.0,0.2629,0.1022,0.5938
train,3,anarchy,0.2011,1,0,0,1,18.0,1.8491,0.0977,0.4271
train,4,democracy,0.1767,1,0,0,1,10.0,0.2207,0.1257,0.5563
train,4,monarchy,0.1767,1,0,0,1,21.0,0.1663,0.1043,0.5063
train,4,dictatorship,0.1767,1,0,0,1,46.0,0.3464,0.1189,0.5569
train,4,utilitarian,0.1767,1,0,0,1,9.0,0.1729,0.0692,0.6736
train,4,reputation,0.1767,1,0,0,1,10.0,0.2207,0.1257,0.5563
train,4,technocracy,0.1767,1,0,0,1,12.0,0.2031,0.0996,0.599
train,4,anarchy,0.1767,1,0,0,1,18.0,0.9529,0.1787,0.4991
train,5,democracy,0.1522,1,0,0,1,43.0,0.3896,0.1159,0.5417
train,5,monarchy,0.1522,1,0,0,1,17.0,0.109,0.1162,0.6025
train,5,dictatorship,0.1522,1,0,0,1,17.0,0.1647,0.119,0.6326
train,5,utilitarian,0.1522,1,1,0,0,27.0,2.5102,0.038,0.3925
train,5,reputation,0.1522,1,0,0,1,17.0,0.1841,0.1237,0.5049
train,5,technocracy,0.1522,1,0,0,1,35.0,0.376,0.0766,0.5245
train,5,anarchy,0.1522,1,0,0,1,52.0,0.7176,0.1129,0.4305
frozen_self_play,5,democracy,0.0,2,0,0,2,10.0,0.127,0.095,0.5818
frozen_self_play,5,monarchy,0.0,2,0,0,2,10.0,0.1068,0.1014,0.7289
frozen_self_play,5,dictatorship,0.0,2,0,0,2,10.0,0.14,0.1072,0.7431
frozen_self_play,5,utilitarian,0.0,2,0,0,2,10.0,0.9829,0.0695,0.5366
frozen_self_play,5,reputation,0.0,2,0,0,2,10.0,0.1441,0.1131,0.6171
frozen_self_play,5,technocracy,0.0,2,0,0,2,10.0,0.1771,0.0938,0.6761
frozen_self_play,5,anarchy,0.0,2,0,0,2,20.0,0.2949,0.0872,0.4545
train,6,democracy,0.1278,1,0,0,1,9.0,0.1247,0.0898,0.6042
train,6,monarchy,0.1278,1,0,0,1,9.0,0.1069,0.0954,0.6528
train,6,dictatorship,0.1278,1,0,0,1,9.0,0.1399,0.1009,0.6806
train,6,utilitarian,0.1278,1,0,0,1,9.0,0.9889,0.0668,0.5208
train,6,reputation,0.1278,1,0,0,1,9.0,0.146,0.1061,0.6111
train,6,technocracy,0.1278,1,0,0,1,9.0,0.1783,0.0919,0.6111
train,6,anarchy,0.1278,1,0,0,1,42.0,0.2513,0.0806,0.3626
train,7,democracy,0.1033,1,0,0,1,9.0,0.1073,0.0952,0.5764
train,7,monarchy,0.1033,1,0,0,1,13.0,0.0841,0.1077,0.649
train,7,dictatorship,0.1033,1,0,0,1,13.0,0.0937,0.1109,0.6587
train,7,utilitarian,0.1033,1,0,0,1,9.0,0.8136,0.0666,0.5139
train,7,reputation,0.1033,1,0,0,1,9.0,0.1351,0.1145,0.5764
train,7,technocracy,0.1033,1,0,0,1,13.0,0.121,0.0932,0.6394
train,7,anarchy,0.1033,1,0,0,1,21.0,0.356,0.063,0.3456
train,8,democracy,0.0789,1,0,0,1,10.0,0.0956,0.0973,0.5625
train,8,monarchy,0.0789,1,0,0,1,11.0,0.0932,0.1082,0.7216
train,8,dictatorship,0.0789,1,0,0,1,11.0,0.1125,0.1114,0.7102
train,8,utilitarian,0.0789,1,0,0,1,10.0,0.6393,0.0712,0.525
train,8,reputation,0.0789,1,0,0,1,14.0,0.1127,0.1193,0.625
train,8,technocracy,0.0789,1,0,0,1,11.0,0.1853,0.1044,0.5852
train,8,anarchy,0.0789,1,0,0,1,26.0,0.2744,0.0556,0.3235
train,9,democracy,0.0544,1,0,0,1,12.0,0.0866,0.1005,0.4896
train,9,monarchy,0.0544,1,0,0,1,12.0,0.0865,0.1043,0.651
train,9,dictatorship,0.0544,1,0,0,1,12.0,0.0987,0.1115,0.6823
train,9,utilitarian,0.0544,1,0,0,1,9.0,0.5581,0.0589,0.5278
train,9,reputation,0.0544,1,0,0,1,12.0,0.0936,0.1159,0.5312
train,9,technocracy,0.0544,1,0,0,1,12.0,0.1318,0.0941,0.6354
train,9,anarchy,0.0544,1,0,0,1,9.0,0.1153,0.0661,0.5347
train,10,democracy,0.03,1,0,0,1,22.0,0.2219,0.0759,0.5285
train,10,monarchy,0.03,1,0,0,1,26.0,0.2442,0.089,0.5729
train,10,dictatorship,0.03,1,0,0,1,22.0,0.2702,0.0841,0.568
train,10,utilitarian,0.03,1,0,0,1,11.0,0.4563,0.0497,0.4716
train,10,reputation,0.03,1,0,0,1,22.0,0.2531,0.0869,0.5143
train,10,technocracy,0.03,1,0,0,1,22.0,0.276,0.073,0.5476
train,10,anarchy,0.03,1,0,0,1,44.0,0.2297,0.0598,0.3228
frozen_self_play,10,democracy,0.0,2,0,0,2,11.5,0.0933,0.0994,0.621
frozen_self_play,10,monarchy,0.0,2,0,0,2,11.5,0.0862,0.101,0.6996
frozen_self_play,10,dictatorship,0.0,2,0,0,2,11.5,0.0789,0.1068,0.7379
frozen_self_play,10,utilitarian,0.0,2,0,0,2,12.5,0.3931,0.0535,0.52
frozen_self_play,10,reputation,0.0,2,0,0,2,11.5,0.0845,0.114,0.6399
frozen_self_play,10,technocracy,0.0,2,0,0,2,11.5,0.0856,0.0909,0.656
frozen_self_play,10,anarchy,0.0,2,0,0,2,20.5,0.1197,0.0722,0.3481
